-- 智能停车场管理系统 - 测试数据
USE smart_parking;

SET NAMES utf8mb4;
SET CHARACTER_SET_CLIENT = utf8mb4;
SET CHARACTER_SET_RESULTS = utf8mb4;
SET CHARACTER_SET_CONNECTION = utf8mb4;

-- ============================================================
-- 1. sys_user（系统用户）
-- ============================================================
INSERT IGNORE INTO sys_user (id, username, password, role, real_name, phone, email, avatar, status, created_at, updated_at) VALUES
(1,  'admin',     '$2a$10$N.zmdr9k7uOCQb376NoUnuTJ8iAt6Z5EHsM8lE9lBOsl7iKTVKIUi', 'ADMIN',    '系统管理员', '13800000000', 'admin@smartparking.com',    'https://picsum.photos/seed/admin_avatar/200/200',     1, '2025-01-01 08:00:00', '2025-01-01 08:00:00'),
(2,  'operator1', '$2a$10$N.zmdr9k7uOCQb376NoUnuTJ8iAt6Z5EHsM8lE9lBOsl7iKTVKIUi', 'OPERATOR', '张操作员',   '13800000001', 'operator1@smartparking.com', 'https://picsum.photos/seed/operator1_avatar/200/200', 1, '2025-01-05 09:30:00', '2025-01-05 09:30:00'),
(3,  'operator2', '$2a$10$N.zmdr9k7uOCQb376NoUnuTJ8iAt6Z5EHsM8lE9lBOsl7iKTVKIUi', 'OPERATOR', '王操作员',   '13800000002', 'operator2@smartparking.com', 'https://picsum.photos/seed/operator2_avatar/200/200', 1, '2025-02-10 10:00:00', '2025-02-10 10:00:00'),
(4,  'user1',     '$2a$10$ySG2lkvFSEWlJMQJkCQr0OLfRPB.4dIG7cKR5t0CZeyVCJFMI3TP.', 'USER',     '李明',       '13912345001', 'liming@example.com',       'https://picsum.photos/seed/user1_liming/200/200',     1, '2025-03-15 14:20:00', '2025-03-15 14:20:00'),
(5,  'user2',     '$2a$10$ySG2lkvFSEWlJMQJkCQr0OLfRPB.4dIG7cKR5t0CZeyVCJFMI3TP.', 'USER',     '王小红',     '13912345002', 'wangxiaohong@example.com', 'https://picsum.photos/seed/user2_xiaohong/200/200',   1, '2025-04-20 11:10:00', '2025-04-20 11:10:00'),
(6,  'user3',     '$2a$10$ySG2lkvFSEWlJMQJkCQr0OLfRPB.4dIG7cKR5t0CZeyVCJFMI3TP.', 'USER',     '赵建国',     '13912345003', 'zhaojianguo@example.com',  'https://picsum.photos/seed/user3_jianguo/200/200',    1, '2025-05-08 16:45:00', '2025-05-08 16:45:00'),
(7,  'user4',     '$2a$10$ySG2lkvFSEWlJMQJkCQr0OLfRPB.4dIG7cKR5t0CZeyVCJFMI3TP.', 'USER',     '刘雨晴',     '13912345004', 'liuyuqing@example.com',    'https://picsum.photos/seed/user4_yuqing/200/200',     1, '2025-06-12 09:00:00', '2025-06-12 09:00:00'),
(8,  'user5',     '$2a$10$ySG2lkvFSEWlJMQJkCQr0OLfRPB.4dIG7cKR5t0CZeyVCJFMI3TP.', 'USER',     '陈志远',     '13912345005', 'chenzhiyuan@example.com',  'https://picsum.photos/seed/user5_zhiyuan/200/200',    1, '2025-07-03 13:30:00', '2025-07-03 13:30:00'),
(9,  'user6',     '$2a$10$ySG2lkvFSEWlJMQJkCQr0OLfRPB.4dIG7cKR5t0CZeyVCJFMI3TP.', 'USER',     '孙悦',       '13912345006', 'sunyue@example.com',       'https://picsum.photos/seed/user6_sunyue/200/200',     1, '2025-08-18 17:20:00', '2025-08-18 17:20:00'),
(10, 'user7',     '$2a$10$ySG2lkvFSEWlJMQJkCQr0OLfRPB.4dIG7cKR5t0CZeyVCJFMI3TP.', 'USER',     '周文博',     '13912345007', 'zhouwenbo@example.com',    'https://picsum.photos/seed/user7_wenbo/200/200',      1, '2025-09-25 08:15:00', '2025-09-25 08:15:00'),
(11, 'user8',     '$2a$10$ySG2lkvFSEWlJMQJkCQr0OLfRPB.4dIG7cKR5t0CZeyVCJFMI3TP.', 'USER',     '吴芳',       '13912345008', 'wufang@example.com',       'https://picsum.photos/seed/user8_wufang/200/200',     1, '2025-10-10 10:50:00', '2025-10-10 10:50:00'),
(12, 'user9',     '$2a$10$ySG2lkvFSEWlJMQJkCQr0OLfRPB.4dIG7cKR5t0CZeyVCJFMI3TP.', 'USER',     '郑浩然',     '13912345009', 'zhenghaoran@example.com',  'https://picsum.photos/seed/user9_haoran/200/200',     1, '2025-11-05 15:00:00', '2025-11-05 15:00:00'),
(13, 'user10',    '$2a$10$ySG2lkvFSEWlJMQJkCQr0OLfRPB.4dIG7cKR5t0CZeyVCJFMI3TP.', 'USER',     '林晓峰',     '13912345010', 'linxiaofeng@example.com',  'https://picsum.photos/seed/user10_xiaofeng/200/200',  1, '2025-11-20 12:30:00', '2025-11-20 12:30:00'),
(14, 'user11',    '$2a$10$ySG2lkvFSEWlJMQJkCQr0OLfRPB.4dIG7cKR5t0CZeyVCJFMI3TP.', 'USER',     '黄丽娟',     '13912345011', 'huanglijuan@example.com',  'https://picsum.photos/seed/user11_lijuan/200/200',    0, '2025-12-01 09:10:00', '2025-12-01 09:10:00'),
(15, 'user12',    '$2a$10$ySG2lkvFSEWlJMQJkCQr0OLfRPB.4dIG7cKR5t0CZeyVCJFMI3TP.', 'USER',     '杨晨光',     '13912345012', 'yangchenguang@example.com', 'https://picsum.photos/seed/user12_chenguang/200/200', 1, '2025-12-15 18:00:00', '2025-12-15 18:00:00');

-- ============================================================
-- 2. vehicle（车辆信息）
-- ============================================================
INSERT IGNORE INTO vehicle (id, user_id, plate_number, vehicle_type, brand, color, is_default, created_at, updated_at) VALUES
(1,  4,  '豫A12345', 'SEDAN',    '比亚迪', '白色', 1, '2025-03-16 08:00:00', '2025-03-16 08:00:00'),
(2,  4,  '豫A88888', 'ELECTRIC', '特斯拉', '黑色', 0, '2025-04-10 09:00:00', '2025-04-10 09:00:00'),
(3,  5,  '豫B67890', 'SUV',      '丰田', '银色', 1, '2025-04-21 10:30:00', '2025-04-21 10:30:00'),
(4,  5,  '豫B11111', 'SEDAN',    '大众', '白色', 0, '2025-05-05 14:00:00', '2025-05-05 14:00:00'),
(5,  6,  '京C11111', 'SUV',      '宝马', '黑色', 1, '2025-05-09 11:20:00', '2025-05-09 11:20:00'),
(6,  6,  '京C22222', 'SEDAN',    '奔驰', '银色', 0, '2025-06-01 15:40:00', '2025-06-01 15:40:00'),
(7,  7,  '豫D55555', 'ELECTRIC', '比亚迪', '红色', 1, '2025-06-13 08:50:00', '2025-06-13 08:50:00'),
(8,  7,  '豫D66666', 'SEDAN',    '本田', '蓝色', 0, '2025-07-01 12:00:00', '2025-07-01 12:00:00'),
(9,  8,  '豫E33333', 'TRUCK',    '福田', '白色', 1, '2025-07-04 09:15:00', '2025-07-04 09:15:00'),
(10, 8,  '豫E44444', 'SUV',      '哈弗', '黑色', 0, '2025-08-01 16:30:00', '2025-08-01 16:30:00'),
(11, 9,  '沪F77777', 'SEDAN',    '别克', '银色', 1, '2025-08-19 10:00:00', '2025-08-19 10:00:00'),
(12, 9,  '沪F99999', 'ELECTRIC', '蔚来', '蓝色', 0, '2025-09-05 14:20:00', '2025-09-05 14:20:00'),
(13, 10, '粤G12345', 'SUV',      '理想', '白色', 1, '2025-09-26 08:30:00', '2025-09-26 08:30:00'),
(14, 10, '粤G54321', 'SEDAN',    '吉利', '红色', 0, '2025-10-01 11:00:00', '2025-10-01 11:00:00'),
(15, 11, '豫H56789', 'SEDAN',    '长安', '黑色', 1, '2025-10-11 09:40:00', '2025-10-11 09:40:00'),
(16, 11, '豫H98765', 'SUV',      '奇瑞', '白色', 0, '2025-11-01 13:00:00', '2025-11-01 13:00:00'),
(17, 12, '豫J22222', 'ELECTRIC', '小鹏', '银色', 1, '2025-11-06 15:10:00', '2025-11-06 15:10:00'),
(18, 12, '豫J33333', 'SEDAN',    '丰田', '蓝色', 0, '2025-11-15 10:20:00', '2025-11-15 10:20:00'),
(19, 13, '豫K88888', 'SUV',      '大众', '黑色', 1, '2025-11-21 08:00:00', '2025-11-21 08:00:00'),
(20, 13, '豫K66666', 'SEDAN',    '日产', '白色', 0, '2025-12-01 11:30:00', '2025-12-01 11:30:00'),
(21, 15, '豫L11111', 'ELECTRIC', '特斯拉', '红色', 1, '2025-12-16 09:00:00', '2025-12-16 09:00:00'),
(22, 15, '豫L55555', 'SEDAN',    '宝马', '蓝色', 0, '2025-12-20 14:30:00', '2025-12-20 14:30:00');

-- ============================================================
-- 3. parking_area（停车区域）
-- ============================================================
INSERT IGNORE INTO parking_area (id, name, code, area_type, floor_number, total_spaces, available_spaces, status, description, created_at, updated_at) VALUES
(1, 'A区-地上停车场', 'AREA-A', 'OUTDOOR',      1,  50, 42, 1, '位于停车场东侧地面，采光良好，适合短时停放',       '2025-01-01 00:00:00', '2025-01-01 00:00:00'),
(2, 'B区-地下一层', 'AREA-B',   'UNDERGROUND', -1,  80, 71, 1, '地下一层主停车区，配备通风系统和监控摄像',         '2025-01-01 00:00:00', '2025-01-01 00:00:00'),
(3, 'C区-地下二层', 'AREA-C',   'UNDERGROUND', -2,  60, 55, 1, '地下二层停车区，空间宽敞，设有无障碍车位',         '2025-01-01 00:00:00', '2025-01-01 00:00:00'),
(4, 'D区-VIP专区', 'AREA-D',    'INDOOR',       1,  20, 16, 1, 'VIP专属停车区域，独立出入口，24小时专人管理',      '2025-01-01 00:00:00', '2025-01-01 00:00:00'),
(5, 'E区-充电桩区', 'AREA-E',   'OUTDOOR',      1,  30, 26, 1, '新能源车充电专区，配备快充和慢充桩各15个',         '2025-01-01 00:00:00', '2025-01-01 00:00:00'),
(6, 'F区-临时停车区', 'AREA-F', 'OUTDOOR',      1,  40, 36, 1, '临时停车专用区域，前15分钟免费，适合即停即走',     '2025-01-01 00:00:00', '2025-01-01 00:00:00');

-- ============================================================
-- 4. parking_space（停车位）
-- ============================================================
-- A区-地上停车场（area_id=1）
INSERT IGNORE INTO parking_space (id, area_id, space_number, space_type, status, hourly_rate, created_at, updated_at) VALUES
(1,  1, 'A-001', 'STANDARD', 0, 5.00,  '2025-01-01 00:00:00', '2025-01-01 00:00:00'),
(2,  1, 'A-002', 'STANDARD', 1, 5.00,  '2025-01-01 00:00:00', '2025-12-10 08:30:00'),
(3,  1, 'A-003', 'STANDARD', 0, 5.00,  '2025-01-01 00:00:00', '2025-01-01 00:00:00'),
(4,  1, 'A-004', 'STANDARD', 1, 5.00,  '2025-01-01 00:00:00', '2025-12-15 10:00:00'),
(5,  1, 'A-005', 'STANDARD', 0, 5.00,  '2025-01-01 00:00:00', '2025-01-01 00:00:00'),
(6,  1, 'A-006', 'STANDARD', 2, 5.00,  '2025-01-01 00:00:00', '2025-12-20 09:00:00'),
(7,  1, 'A-007', 'STANDARD', 0, 5.00,  '2025-01-01 00:00:00', '2025-01-01 00:00:00'),
(8,  1, 'A-008', 'STANDARD', 3, 5.00,  '2025-01-01 00:00:00', '2025-12-01 12:00:00'),
(9,  1, 'A-009', 'STANDARD', 0, 5.00,  '2025-01-01 00:00:00', '2025-01-01 00:00:00'),
(10, 1, 'A-010', 'STANDARD', 1, 5.00,  '2025-01-01 00:00:00', '2025-12-22 14:20:00'),

-- B区-地下一层（area_id=2）
(11, 2, 'B-001', 'STANDARD', 0, 5.00,  '2025-01-01 00:00:00', '2025-01-01 00:00:00'),
(12, 2, 'B-002', 'STANDARD', 1, 5.00,  '2025-01-01 00:00:00', '2025-12-18 07:45:00'),
(13, 2, 'B-003', 'STANDARD', 0, 5.00,  '2025-01-01 00:00:00', '2025-01-01 00:00:00'),
(14, 2, 'B-004', 'STANDARD', 1, 5.00,  '2025-01-01 00:00:00', '2025-12-19 09:10:00'),
(15, 2, 'B-005', 'STANDARD', 0, 5.00,  '2025-01-01 00:00:00', '2025-01-01 00:00:00'),
(16, 2, 'B-006', 'STANDARD', 2, 5.00,  '2025-01-01 00:00:00', '2025-12-21 08:30:00'),
(17, 2, 'B-007', 'STANDARD', 0, 5.00,  '2025-01-01 00:00:00', '2025-01-01 00:00:00'),
(18, 2, 'B-008', 'STANDARD', 1, 5.00,  '2025-01-01 00:00:00', '2025-12-23 11:00:00'),
(19, 2, 'B-009', 'STANDARD', 0, 5.00,  '2025-01-01 00:00:00', '2025-01-01 00:00:00'),
(20, 2, 'B-010', 'STANDARD', 0, 5.00,  '2025-01-01 00:00:00', '2025-01-01 00:00:00'),

-- C区-地下二层（area_id=3）
(21, 3, 'C-001', 'STANDARD', 0, 5.00,  '2025-01-01 00:00:00', '2025-01-01 00:00:00'),
(22, 3, 'C-002', 'STANDARD', 1, 5.00,  '2025-01-01 00:00:00', '2025-12-16 15:30:00'),
(23, 3, 'C-003', 'STANDARD', 0, 5.00,  '2025-01-01 00:00:00', '2025-01-01 00:00:00'),
(24, 3, 'C-004', 'STANDARD', 0, 5.00,  '2025-01-01 00:00:00', '2025-01-01 00:00:00'),
(25, 3, 'C-005', 'STANDARD', 1, 5.00,  '2025-01-01 00:00:00', '2025-12-24 10:20:00'),

-- D区-VIP专区（area_id=4）
(26, 4, 'D-001', 'VIP', 0, 15.00, '2025-01-01 00:00:00', '2025-01-01 00:00:00'),
(27, 4, 'D-002', 'VIP', 1, 15.00, '2025-01-01 00:00:00', '2025-12-20 07:00:00'),
(28, 4, 'D-003', 'VIP', 0, 15.00, '2025-01-01 00:00:00', '2025-01-01 00:00:00'),
(29, 4, 'D-004', 'VIP', 1, 15.00, '2025-01-01 00:00:00', '2025-12-22 08:45:00'),
(30, 4, 'D-005', 'VIP', 2, 15.00, '2025-01-01 00:00:00', '2025-12-25 09:00:00'),

-- E区-充电桩区（area_id=5）
(31, 5, 'E-001', 'CHARGING', 0, 8.00, '2025-01-01 00:00:00', '2025-01-01 00:00:00'),
(32, 5, 'E-002', 'CHARGING', 1, 8.00, '2025-01-01 00:00:00', '2025-12-18 06:30:00'),
(33, 5, 'E-003', 'CHARGING', 0, 8.00, '2025-01-01 00:00:00', '2025-01-01 00:00:00'),
(34, 5, 'E-004', 'CHARGING', 1, 8.00, '2025-01-01 00:00:00', '2025-12-23 07:15:00'),
(35, 5, 'E-005', 'CHARGING', 2, 8.00, '2025-01-01 00:00:00', '2025-12-25 08:00:00'),

-- F区-临时停车区（area_id=6）
(36, 6, 'F-001', 'STANDARD', 0, 5.00, '2025-01-01 00:00:00', '2025-01-01 00:00:00'),
(37, 6, 'F-002', 'STANDARD', 1, 5.00, '2025-01-01 00:00:00', '2025-12-24 16:00:00'),
(38, 6, 'F-003', 'STANDARD', 0, 5.00, '2025-01-01 00:00:00', '2025-01-01 00:00:00'),
(39, 6, 'F-004', 'STANDARD', 1, 5.00, '2025-01-01 00:00:00', '2025-12-25 10:30:00'),
(40, 6, 'F-005', 'STANDARD', 0, 5.00, '2025-01-01 00:00:00', '2025-01-01 00:00:00');

-- ============================================================
-- 5. billing_rule（计费规则）
-- ============================================================
INSERT IGNORE INTO billing_rule (id, name, space_type, hourly_rate, daily_cap, free_minutes, is_active, description, created_at, updated_at) VALUES
(1, '普通车位计费',   'STANDARD', 5.00,  50.00,  15, 1, '适用于A/B/C/F区标准车位，每小时5元，每日封顶50元，前15分钟免费', '2025-01-01 00:00:00', '2025-01-01 00:00:00'),
(2, 'VIP车位计费',    'VIP',      15.00, 100.00, 30, 1, '适用于D区VIP车位，每小时15元，每日封顶100元，前30分钟免费',     '2025-01-01 00:00:00', '2025-01-01 00:00:00'),
(3, '充电车位计费',   'CHARGING', 8.00,  60.00,  15, 1, '适用于E区充电桩车位，每小时8元，每日封顶60元，前15分钟免费',    '2025-01-01 00:00:00', '2025-01-01 00:00:00'),
(4, '无障碍车位计费', 'DISABLED', 3.00,  30.00,  30, 1, '适用于无障碍车位，每小时3元，每日封顶30元，前30分钟免费',       '2025-01-01 00:00:00', '2025-01-01 00:00:00');

-- ============================================================
-- 6. reservation（车位预约）
-- ============================================================
INSERT IGNORE INTO reservation (id, reservation_no, user_id, vehicle_id, space_id, start_time, end_time, status, amount, created_at, updated_at) VALUES
(1,  'RSV202511001', 4,  1,  1,  '2025-11-10 09:00:00', '2025-11-10 12:00:00', 4, 15.00, '2025-11-10 08:30:00', '2025-11-10 12:10:00'),
(2,  'RSV202511002', 5,  3,  11, '2025-11-12 14:00:00', '2025-11-12 17:00:00', 4, 15.00, '2025-11-12 13:40:00', '2025-11-12 17:05:00'),
(3,  'RSV202511003', 6,  5,  26, '2025-11-15 08:00:00', '2025-11-15 12:00:00', 4, 60.00, '2025-11-15 07:30:00', '2025-11-15 12:00:00'),
(4,  'RSV202511004', 7,  7,  31, '2025-11-18 10:00:00', '2025-11-18 14:00:00', 2, 32.00, '2025-11-18 09:20:00', '2025-11-18 09:50:00'),
(5,  'RSV202511005', 8,  9,  5,  '2025-11-20 07:00:00', '2025-11-20 09:00:00', 4, 10.00, '2025-11-20 06:30:00', '2025-11-20 09:15:00'),
(6,  'RSV202512001', 9,  11, 13, '2025-12-01 08:00:00', '2025-12-01 11:00:00', 4, 15.00, '2025-12-01 07:40:00', '2025-12-01 11:05:00'),
(7,  'RSV202512002', 10, 13, 27, '2025-12-05 09:00:00', '2025-12-05 13:00:00', 4, 60.00, '2025-12-05 08:30:00', '2025-12-05 13:10:00'),
(8,  'RSV202512003', 11, 15, 3,  '2025-12-08 15:00:00', '2025-12-08 18:00:00', 3, 15.00, '2025-12-08 14:30:00', '2025-12-08 18:30:00'),
(9,  'RSV202512004', 12, 17, 32, '2025-12-12 10:00:00', '2025-12-12 14:00:00', 4, 32.00, '2025-12-12 09:30:00', '2025-12-12 14:05:00'),
(10, 'RSV202512005', 13, 19, 21, '2025-12-15 08:00:00', '2025-12-15 10:00:00', 4, 10.00, '2025-12-15 07:20:00', '2025-12-15 10:00:00'),
(11, 'RSV202601001', 4,  2,  31, '2026-01-05 09:00:00', '2026-01-05 13:00:00', 4, 32.00, '2026-01-05 08:30:00', '2026-01-05 13:10:00'),
(12, 'RSV202601002', 5,  4,  6,  '2026-01-08 14:00:00', '2026-01-08 16:00:00', 1, 10.00, '2026-01-08 13:30:00', '2026-01-08 13:30:00'),
(13, 'RSV202601003', 7,  8,  15, '2026-01-12 10:00:00', '2026-01-12 14:00:00', 0, 20.00, '2026-01-12 09:00:00', '2026-01-12 09:00:00'),
(14, 'RSV202602001', 9,  12, 33, '2026-02-01 08:00:00', '2026-02-01 12:00:00', 1, 32.00, '2026-02-01 07:30:00', '2026-02-01 07:30:00'),
(15, 'RSV202602002', 6,  6,  28, '2026-02-05 09:00:00', '2026-02-05 11:00:00', 0, 30.00, '2026-02-05 08:00:00', '2026-02-05 08:00:00'),
(16, 'RSV202602003', 13, 20, 36, '2026-02-08 10:00:00', '2026-02-08 12:00:00', 0, 10.00, '2026-02-08 09:30:00', '2026-02-08 09:30:00'),
-- 2026年3月预约
(17, 'RSV202603001', 4,  1,  1,  '2026-03-01 08:00:00', '2026-03-01 12:00:00', 4, 20.00, '2026-03-01 07:30:00', '2026-03-01 12:20:00'),
(18, 'RSV202603002', 5,  3,  11, '2026-03-02 08:00:00', '2026-03-02 11:00:00', 4, 15.00, '2026-03-02 07:40:00', '2026-03-02 11:05:00'),
(19, 'RSV202603003', 6,  5,  26, '2026-03-03 09:00:00', '2026-03-03 14:00:00', 4, 75.00, '2026-03-03 08:30:00', '2026-03-03 14:35:00'),
(20, 'RSV202603004', 7,  7,  31, '2026-03-05 08:00:00', '2026-03-05 16:00:00', 4, 64.00, '2026-03-05 07:20:00', '2026-03-05 15:35:00'),
(21, 'RSV202603005', 9,  11, 13, '2026-03-06 08:00:00', '2026-03-06 10:30:00', 4, 12.50, '2026-03-06 07:30:00', '2026-03-06 10:35:00'),
(22, 'RSV202603006', 10, 13, 21, '2026-03-08 09:00:00', '2026-03-08 13:00:00', 4, 20.00, '2026-03-08 08:40:00', '2026-03-08 13:20:00'),
(23, 'RSV202603007', 12, 17, 32, '2026-03-10 08:00:00', '2026-03-10 12:00:00', 4, 32.00, '2026-03-10 07:30:00', '2026-03-10 12:05:00'),
(24, 'RSV202603008', 4,  2,  33, '2026-03-12 08:00:00', '2026-03-12 16:00:00', 4, 64.00, '2026-03-12 07:20:00', '2026-03-12 16:05:00'),
(25, 'RSV202603009', 8,  10, 3,  '2026-03-14 08:00:00', '2026-03-14 11:30:00', 4, 17.50, '2026-03-14 07:40:00', '2026-03-14 11:45:00'),
(26, 'RSV202603010', 15, 21, 31, '2026-03-15 09:00:00', '2026-03-15 17:00:00', 4, 64.00, '2026-03-15 08:30:00', '2026-03-15 17:05:00'),
(27, 'RSV202603011', 6,  6,  22, '2026-03-16 10:00:00', '2026-03-16 13:30:00', 4, 17.50, '2026-03-16 09:30:00', '2026-03-16 13:35:00'),
(28, 'RSV202603012', 13, 19, 1,  '2026-03-18 07:30:00', '2026-03-18 10:00:00', 4, 12.50, '2026-03-18 07:00:00', '2026-03-18 10:05:00'),
(29, 'RSV202603013', 11, 15, 15, '2026-03-19 08:00:00', '2026-03-19 13:00:00', 1, 25.00, '2026-03-19 07:30:00', '2026-03-19 07:30:00'),
(30, 'RSV202603014', 15, 22, 9,  '2026-03-19 14:00:00', '2026-03-19 18:00:00', 0, 20.00, '2026-03-19 13:30:00', '2026-03-19 13:30:00'),
(31, 'RSV202603015', 8,  9,  5,  '2026-03-20 07:00:00', '2026-03-20 09:00:00', 0, 10.00, '2026-03-20 06:30:00', '2026-03-20 06:30:00');

-- ============================================================
-- 7. parking_order（停车订单）
-- ============================================================
INSERT IGNORE INTO parking_order (id, order_no, user_id, vehicle_id, space_id, plate_number, reservation_id, entry_time, exit_time, duration, amount, status, payment_status, created_at, updated_at) VALUES
-- 2025年11月订单（已完成）
(1,  'ORD202511001', 4,  1,  1, '豫A12345',  1,    '2025-11-10 09:05:00', '2025-11-10 11:05:00', 120,  10.00, 1, 1, '2025-11-10 09:05:00', '2025-11-10 11:10:00'),
(2,  'ORD202511002', 5,  3,  11, '豫B67890', 2,    '2025-11-12 14:10:00', '2025-11-12 16:40:00', 150,  12.50, 1, 1, '2025-11-12 14:10:00', '2025-11-12 16:45:00'),
(3,  'ORD202511003', 6,  5,  26, '京C11111', 3,    '2025-11-15 08:10:00', '2025-11-15 12:10:00', 240,  60.00, 1, 1, '2025-11-15 08:10:00', '2025-11-15 12:15:00'),
(4,  'ORD202511004', 8,  9,  5, '豫E33333',  5,    '2025-11-20 07:10:00', '2025-11-20 08:40:00', 90,   7.50,  1, 1, '2025-11-20 07:10:00', '2025-11-20 08:45:00'),
(5,  'ORD202511005', 4,  2,  33, '豫A88888', NULL, '2025-11-22 10:00:00', '2025-11-22 14:30:00', 270,  32.00, 1, 1, '2025-11-22 10:00:00', '2025-11-22 14:35:00'),
(6,  'ORD202511006', 7,  8,  17, '豫D66666', NULL, '2025-11-25 08:30:00', '2025-11-25 09:00:00', 30,   0.00,  1, 1, '2025-11-25 08:30:00', '2025-11-25 09:05:00'),
(7,  'ORD202511007', 10, 14, 7, '粤G54321',  NULL, '2025-11-28 13:00:00', '2025-11-28 17:00:00', 240,  20.00, 1, 1, '2025-11-28 13:00:00', '2025-11-28 17:05:00'),

-- 2025年12月订单（已完成）
(8,  'ORD202512001', 9,  11, 13, '沪F77777', 6,    '2025-12-01 08:05:00', '2025-12-01 10:35:00', 150,  12.50, 1, 1, '2025-12-01 08:05:00', '2025-12-01 10:40:00'),
(9,  'ORD202512002', 10, 13, 27, '粤G12345', 7,    '2025-12-05 09:10:00', '2025-12-05 13:10:00', 240,  60.00, 1, 1, '2025-12-05 09:10:00', '2025-12-05 13:15:00'),
(10, 'ORD202512003', 12, 17, 32, '豫J22222', 9,    '2025-12-12 10:05:00', '2025-12-12 14:05:00', 240,  32.00, 1, 1, '2025-12-12 10:05:00', '2025-12-12 14:10:00'),
(11, 'ORD202512004', 13, 19, 21, '豫K88888', 10,   '2025-12-15 08:10:00', '2025-12-15 09:40:00', 90,   7.50,  1, 1, '2025-12-15 08:10:00', '2025-12-15 09:45:00'),
(12, 'ORD202512005', 5,  4,  19, '豫B11111', NULL, '2025-12-16 09:00:00', '2025-12-16 13:00:00', 240,  20.00, 1, 1, '2025-12-16 09:00:00', '2025-12-16 13:05:00'),
(13, 'ORD202512006', 6,  6,  22, '京C22222', NULL, '2025-12-16 15:00:00', '2025-12-16 17:30:00', 150,  12.50, 1, 1, '2025-12-16 15:00:00', '2025-12-16 17:35:00'),
(14, 'ORD202512007', 8,  10, 3, '豫E44444',  NULL, '2025-12-18 07:30:00', '2025-12-18 15:30:00', 480,  40.00, 1, 1, '2025-12-18 07:30:00', '2025-12-18 15:35:00'),
(15, 'ORD202512008', 11, 16, 9, '豫H98765',  NULL, '2025-12-19 10:00:00', '2025-12-19 12:00:00', 120,  10.00, 1, 1, '2025-12-19 10:00:00', '2025-12-19 12:05:00'),
(16, 'ORD202512009', 7,  7,  34, '豫D55555', NULL, '2025-12-20 08:00:00', '2025-12-20 16:00:00', 480,  60.00, 1, 1, '2025-12-20 08:00:00', '2025-12-20 16:05:00'),
(17, 'ORD202512010', 4,  1,  36, '豫A12345', NULL, '2025-12-22 14:00:00', '2025-12-22 16:30:00', 150,  12.50, 1, 1, '2025-12-22 14:00:00', '2025-12-22 16:35:00'),
(18, 'ORD202512011', 15, 21, 31, '豫L11111', NULL, '2025-12-23 07:00:00', '2025-12-23 11:00:00', 240,  32.00, 1, 1, '2025-12-23 07:00:00', '2025-12-23 11:05:00'),
(19, 'ORD202512012', 9,  12, 28, '沪F99999', NULL, '2025-12-24 09:00:00', '2025-12-24 13:30:00', 270,  60.00, 1, 1, '2025-12-24 09:00:00', '2025-12-24 13:35:00'),

-- 2026年1月订单
(20, 'ORD202601001', 4,  2,  31, '豫A88888', 11,   '2026-01-05 09:05:00', '2026-01-05 13:05:00', 240,  32.00, 1, 1, '2026-01-05 09:05:00', '2026-01-05 13:10:00'),
(21, 'ORD202601002', 6,  5,  26, '京C11111', NULL, '2026-01-08 10:00:00', '2026-01-08 12:00:00', 120,  30.00, 1, 1, '2026-01-08 10:00:00', '2026-01-08 12:05:00'),
(22, 'ORD202601003', 10, 14, 11, '粤G54321', NULL, '2026-01-10 08:00:00', '2026-01-10 10:30:00', 150,  12.50, 1, 1, '2026-01-10 08:00:00', '2026-01-10 10:35:00'),
(23, 'ORD202601004', 12, 18, 15, '豫J33333', NULL, '2026-01-12 13:00:00', '2026-01-12 15:00:00', 120,  10.00, 1, 1, '2026-01-12 13:00:00', '2026-01-12 15:05:00'),
(24, 'ORD202601005', 5,  3,  3, '豫B67890',  NULL, '2026-01-15 09:00:00', '2026-01-15 17:00:00', 480,  40.00, 1, 1, '2026-01-15 09:00:00', '2026-01-15 17:05:00'),
(25, 'ORD202601006', 11, 15, 38, '豫H56789', NULL, '2026-01-18 07:30:00', '2026-01-18 08:00:00', 30,   0.00,  1, 1, '2026-01-18 07:30:00', '2026-01-18 08:05:00'),
(26, 'ORD202601007', 13, 20, 21, '豫K66666', NULL, '2026-01-20 10:00:00', '2026-01-20 14:00:00', 240,  20.00, 1, 1, '2026-01-20 10:00:00', '2026-01-20 14:05:00'),

-- 2026年2月订单（含进行中/未支付/异常）
(27, 'ORD202602001', 4,  1,  2, '豫A12345',  NULL, '2026-02-01 08:00:00', '2026-02-01 10:30:00', 150,  12.50, 1, 1, '2026-02-01 08:00:00', '2026-02-01 10:35:00'),
(28, 'ORD202602002', 7,  7,  34, '豫D55555', NULL, '2026-02-03 09:00:00', '2026-02-03 13:00:00', 240,  32.00, 1, 0, '2026-02-03 09:00:00', '2026-02-03 13:05:00'),
(29, 'ORD202602003', 9,  11, 14, '沪F77777', NULL, '2026-02-05 07:30:00', '2026-02-05 09:30:00', 120,  10.00, 1, 0, '2026-02-05 07:30:00', '2026-02-05 09:35:00'),
(30, 'ORD202602004', 5,  3,  12, '豫B67890', NULL, '2026-02-06 08:00:00', NULL,                  NULL, NULL,  0, 0, '2026-02-06 08:00:00', '2026-02-06 08:00:00'),
(31, 'ORD202602005', 8,  10, 4, '豫E44444',  NULL, '2026-02-07 07:00:00', NULL,                  NULL, NULL,  0, 0, '2026-02-07 07:00:00', '2026-02-07 07:00:00'),
(32, 'ORD202602006', 6,  6,  29, '京C22222', NULL, '2026-02-07 09:30:00', NULL,                  NULL, NULL,  0, 0, '2026-02-07 09:30:00', '2026-02-07 09:30:00'),
(33, 'ORD202602007', 15, 22, 10, '豫L55555', NULL, '2026-02-08 06:30:00', NULL,                  NULL, NULL,  0, 0, '2026-02-08 06:30:00', '2026-02-08 06:30:00'),
(34, 'ORD202602008', 10, 13, 18, '粤G12345', NULL, '2026-02-04 08:00:00', '2026-02-04 08:10:00', 10,   0.00,  2, 0, '2026-02-04 08:00:00', '2026-02-04 12:00:00'),

-- 2026年3月订单
(35, 'ORD202603001', 4,  1,  1, '豫A12345',  17,   '2026-03-01 07:55:00', '2026-03-01 12:15:00', 260,  21.67, 1, 1, '2026-03-01 07:55:00', '2026-03-01 12:20:00'),
(36, 'ORD202603002', 5,  3,  11, '豫B67890', 18,   '2026-03-02 08:35:00', '2026-03-02 10:55:00', 140,  11.67, 1, 1, '2026-03-02 08:35:00', '2026-03-02 11:00:00'),
(37, 'ORD202603003', 6,  5,  26, '京C11111', 19,   '2026-03-03 09:05:00', '2026-03-03 14:25:00', 320,  75.00, 1, 1, '2026-03-03 09:05:00', '2026-03-03 14:30:00'),
(38, 'ORD202603004', 7,  7,  31, '豫D55555', 20,   '2026-03-05 07:35:00', '2026-03-05 15:25:00', 470,  60.00, 1, 1, '2026-03-05 07:35:00', '2026-03-05 15:30:00'),
(39, 'ORD202603005', 9,  11, 13, '沪F77777', 21,   '2026-03-06 08:05:00', '2026-03-06 10:25:00', 140,  11.67, 1, 1, '2026-03-06 08:05:00', '2026-03-06 10:30:00'),
(40, 'ORD202603006', 10, 13, 21, '粤G12345', 22,   '2026-03-08 09:20:00', '2026-03-08 13:10:00', 230,  19.17, 1, 1, '2026-03-08 09:20:00', '2026-03-08 13:15:00'),
(41, 'ORD202603007', 12, 17, 32, '豫J22222', 23,   '2026-03-10 08:05:00', '2026-03-10 11:55:00', 230,  30.67, 1, 1, '2026-03-10 08:05:00', '2026-03-10 12:00:00'),
(42, 'ORD202603008', 4,  2,  33, '豫A88888', 24,   '2026-03-12 07:50:00', '2026-03-12 15:55:00', 485,  60.00, 1, 1, '2026-03-12 07:50:00', '2026-03-12 16:00:00'),
(43, 'ORD202603009', 8,  10, 3, '豫E44444',  25,   '2026-03-14 08:15:00', '2026-03-14 11:35:00', 200,  16.67, 1, 1, '2026-03-14 08:15:00', '2026-03-14 11:40:00'),
(44, 'ORD202603010', 15, 21, 31, '豫L11111', 26,   '2026-03-15 09:05:00', '2026-03-15 16:55:00', 470,  60.00, 1, 1, '2026-03-15 09:05:00', '2026-03-15 17:00:00'),
(45, 'ORD202603011', 6,  6,  22, '京C22222', 27,   '2026-03-16 10:05:00', '2026-03-16 13:25:00', 200,  16.67, 1, 1, '2026-03-16 10:05:00', '2026-03-16 13:30:00'),
(46, 'ORD202603012', 13, 19, 1, '豫K88888',  28,   '2026-03-18 07:35:00', '2026-03-18 09:55:00', 140,  11.67, 1, 1, '2026-03-18 07:35:00', '2026-03-18 10:00:00'),
(47, 'ORD202603013', 11, 15, 15, '豫H56789', NULL, '2026-03-19 08:25:00', '2026-03-19 12:45:00', 260,  21.67, 1, 1, '2026-03-19 08:25:00', '2026-03-19 12:50:00'),
(48, 'ORD202603014', 15, 22, 9, '豫L55555',  NULL, '2026-03-19 14:05:00', NULL,                  NULL, NULL,  0, 0, '2026-03-19 14:05:00', '2026-03-19 14:05:00'),
(49, 'ORD202603015', 8,  9,  5, '豫E33333',  NULL, '2026-03-20 07:05:00', NULL,                  NULL, NULL,  0, 0, '2026-03-20 07:05:00', '2026-03-20 07:05:00');

-- ============================================================
-- 8. payment（支付记录）
-- ============================================================
INSERT IGNORE INTO payment (id, payment_no, order_id, user_id, amount, payment_method, status, paid_at, created_at, updated_at) VALUES
(1,  'PAY202511001', 1,  4,  10.00, 'WECHAT', 1, '2025-11-10 11:10:00', '2025-11-10 11:08:00', '2025-11-10 11:10:00'),
(2,  'PAY202511002', 2,  5,  12.50, 'ALIPAY', 1, '2025-11-12 16:45:00', '2025-11-12 16:43:00', '2025-11-12 16:45:00'),
(3,  'PAY202511003', 3,  6,  60.00, 'CARD',   1, '2025-11-15 12:15:00', '2025-11-15 12:13:00', '2025-11-15 12:15:00'),
(4,  'PAY202511004', 4,  8,  7.50,  'WECHAT', 1, '2025-11-20 08:45:00', '2025-11-20 08:43:00', '2025-11-20 08:45:00'),
(5,  'PAY202511005', 5,  4,  32.00, 'ALIPAY', 1, '2025-11-22 14:35:00', '2025-11-22 14:33:00', '2025-11-22 14:35:00'),
(6,  'PAY202511006', 7,  10, 20.00, 'WECHAT', 1, '2025-11-28 17:05:00', '2025-11-28 17:03:00', '2025-11-28 17:05:00'),
(7,  'PAY202512001', 8,  9,  12.50, 'CASH',   1, '2025-12-01 10:40:00', '2025-12-01 10:38:00', '2025-12-01 10:40:00'),
(8,  'PAY202512002', 9,  10, 60.00, 'CARD',   1, '2025-12-05 13:15:00', '2025-12-05 13:13:00', '2025-12-05 13:15:00'),
(9,  'PAY202512003', 10, 12, 32.00, 'WECHAT', 1, '2025-12-12 14:10:00', '2025-12-12 14:08:00', '2025-12-12 14:10:00'),
(10, 'PAY202512004', 11, 13, 7.50,  'ALIPAY', 1, '2025-12-15 09:45:00', '2025-12-15 09:43:00', '2025-12-15 09:45:00'),
(11, 'PAY202512005', 12, 5,  20.00, 'WECHAT', 1, '2025-12-16 13:05:00', '2025-12-16 13:03:00', '2025-12-16 13:05:00'),
(12, 'PAY202512006', 13, 6,  12.50, 'CASH',   1, '2025-12-16 17:35:00', '2025-12-16 17:33:00', '2025-12-16 17:35:00'),
(13, 'PAY202512007', 14, 8,  40.00, 'CARD',   1, '2025-12-18 15:35:00', '2025-12-18 15:33:00', '2025-12-18 15:35:00'),
(14, 'PAY202512008', 15, 11, 10.00, 'ALIPAY', 1, '2025-12-19 12:05:00', '2025-12-19 12:03:00', '2025-12-19 12:05:00'),
(15, 'PAY202512009', 16, 7,  60.00, 'WECHAT', 1, '2025-12-20 16:05:00', '2025-12-20 16:03:00', '2025-12-20 16:05:00'),
(16, 'PAY202512010', 17, 4,  12.50, 'ALIPAY', 1, '2025-12-22 16:35:00', '2025-12-22 16:33:00', '2025-12-22 16:35:00'),
(17, 'PAY202512011', 18, 15, 32.00, 'WECHAT', 1, '2025-12-23 11:05:00', '2025-12-23 11:03:00', '2025-12-23 11:05:00'),
(18, 'PAY202512012', 19, 9,  60.00, 'CARD',   1, '2025-12-24 13:35:00', '2025-12-24 13:33:00', '2025-12-24 13:35:00'),
(19, 'PAY202601001', 20, 4,  32.00, 'WECHAT', 1, '2026-01-05 13:10:00', '2026-01-05 13:08:00', '2026-01-05 13:10:00'),
(20, 'PAY202601002', 21, 6,  30.00, 'ALIPAY', 1, '2026-01-08 12:05:00', '2026-01-08 12:03:00', '2026-01-08 12:05:00'),
(21, 'PAY202601003', 22, 10, 12.50, 'WECHAT', 1, '2026-01-10 10:35:00', '2026-01-10 10:33:00', '2026-01-10 10:35:00'),
(22, 'PAY202601004', 27, 4,  12.50, 'ALIPAY', 1, '2026-02-01 10:35:00', '2026-02-01 10:33:00', '2026-02-01 10:35:00'),
(23, 'PAY202602001', 28, 7,  32.00, 'WECHAT', 0, '2026-02-03 13:05:00', '2026-02-03 13:03:00', '2026-02-03 13:05:00'),
(24, 'PAY202602002', 19, 9,  60.00, 'CARD',   2, '2025-12-24 14:00:00', '2025-12-24 13:33:00', '2025-12-24 14:00:00'),
-- 2026年3月支付记录
(25, 'PAY202603001', 35, 4,  21.67, 'WECHAT', 1, '2026-03-01 12:20:00', '2026-03-01 12:18:00', '2026-03-01 12:20:00'),
(26, 'PAY202603002', 36, 5,  11.67, 'ALIPAY', 1, '2026-03-02 11:00:00', '2026-03-02 10:58:00', '2026-03-02 11:00:00'),
(27, 'PAY202603003', 37, 6,  75.00, 'CARD',   1, '2026-03-03 14:30:00', '2026-03-03 14:28:00', '2026-03-03 14:30:00'),
(28, 'PAY202603004', 38, 7,  60.00, 'WECHAT', 1, '2026-03-05 15:30:00', '2026-03-05 15:28:00', '2026-03-05 15:30:00'),
(29, 'PAY202603005', 39, 9,  11.67, 'ALIPAY', 1, '2026-03-06 10:30:00', '2026-03-06 10:28:00', '2026-03-06 10:30:00'),
(30, 'PAY202603006', 40, 10, 19.17, 'WECHAT', 1, '2026-03-08 13:15:00', '2026-03-08 13:13:00', '2026-03-08 13:15:00'),
(31, 'PAY202603007', 41, 12, 30.67, 'CASH',   1, '2026-03-10 12:00:00', '2026-03-10 11:58:00', '2026-03-10 12:00:00'),
(32, 'PAY202603008', 42, 4,  60.00, 'CARD',   1, '2026-03-12 16:00:00', '2026-03-12 15:58:00', '2026-03-12 16:00:00'),
(33, 'PAY202603009', 43, 8,  16.67, 'WECHAT', 1, '2026-03-14 11:40:00', '2026-03-14 11:38:00', '2026-03-14 11:40:00'),
(34, 'PAY202603010', 44, 15, 60.00, 'ALIPAY', 1, '2026-03-15 17:00:00', '2026-03-15 16:58:00', '2026-03-15 17:00:00'),
(35, 'PAY202603011', 45, 6,  16.67, 'WECHAT', 1, '2026-03-16 13:30:00', '2026-03-16 13:28:00', '2026-03-16 13:30:00'),
(36, 'PAY202603012', 46, 13, 11.67, 'CASH',   1, '2026-03-18 10:00:00', '2026-03-18 09:58:00', '2026-03-18 10:00:00'),
(37, 'PAY202603013', 47, 11, 21.67, 'ALIPAY', 1, '2026-03-19 12:50:00', '2026-03-19 12:48:00', '2026-03-19 12:50:00');

-- ============================================================
-- 9. blacklist（黑名单）
-- ============================================================
INSERT IGNORE INTO blacklist (id, plate_number, reason, status, blocked_at, operator_id, created_at, removed_at, updated_at) VALUES
(1, '豫M99999', '多次逃费，累计欠费超过500元',           1, '2025-11-01 10:00:00', 1, '2025-11-01 10:00:00', NULL,                    '2025-11-01 10:00:00'),
(2, '豫N88888', '恶意占位，长期霸占车位不缴费',           1, '2025-11-15 14:30:00', 2, '2025-11-15 14:30:00', NULL,                    '2025-11-15 14:30:00'),
(3, '京P77777', '破坏设施，损坏道闸和监控摄像头',         0, '2025-10-20 09:00:00', 1, '2025-10-20 09:00:00', '2025-12-20 16:00:00',   '2025-12-20 16:00:00'),
(4, '沪Q66666', '多次逃费，拒不配合管理人员工作',         1, '2025-12-05 11:00:00', 2, '2025-12-05 11:00:00', NULL,                    '2025-12-05 11:00:00'),
(5, '粤R55555', '恶意占位，多次占用充电桩车位却不充电',   0, '2025-09-10 08:00:00', 1, '2025-09-10 08:00:00', '2025-11-10 10:00:00',   '2025-11-10 10:00:00');

-- ============================================================
-- 10. announcement（公告通知）
-- ============================================================
INSERT IGNORE INTO announcement (id, title, content, announcement_type, status, publisher_id, published_at, created_at, updated_at) VALUES
(1, '春节期间停车优惠活动',
    '尊敬的车主朋友们：\n\n为迎接2026年春节，本停车场于1月25日至2月10日期间推出停车优惠活动：\n1. 普通车位8折优惠\n2. VIP车位7折优惠\n3. 充电桩免服务费\n\n预祝各位新春快乐，万事如意！\n\n智能停车场管理处',
    'PROMOTION', 1, 1, '2026-01-20 09:00:00', '2026-01-18 14:00:00', '2026-01-20 09:00:00'),

(2, '地下车库维修通知',
    '各位车主：\n\nC区（地下二层）将于2026年2月15日至2月17日进行照明系统升级和消防管道检修，届时C区将暂停使用。请将车辆停放至其他区域。\n\n给您带来不便，敬请谅解。\n\n智能停车场管理处',
    'MAINTENANCE', 1, 1, '2026-02-01 10:00:00', '2026-01-28 16:00:00', '2026-02-01 10:00:00'),

(3, '新增VIP车位服务',
    '亲爱的车主：\n\n为提升停车体验，D区VIP专区现已全面升级：\n1. 独立出入口，专用通道\n2. 24小时专人值守\n3. 免费洗车服务（每月2次）\n4. 优先预约权\n\n欢迎致电0371-12345678咨询详情。\n\n智能停车场管理处',
    'NOTICE', 1, 1, '2025-12-01 08:00:00', '2025-11-28 10:00:00', '2025-12-01 08:00:00'),

(4, '系统升级公告',
    '尊敬的用户：\n\n智能停车场管理系统将于2026年2月20日凌晨2:00-5:00进行系统升级维护，届时APP和微信小程序将暂时无法使用，道闸系统正常运行。\n\n升级内容：\n1. 新增车位实时导航功能\n2. 优化支付流程\n3. 新增月卡/季卡功能\n\n感谢您的理解与支持。\n\n智能停车场管理处',
    'NOTICE', 1, 1, '2026-02-05 09:00:00', '2026-02-03 11:00:00', '2026-02-05 09:00:00'),

(5, '安全驾驶温馨提示',
    '各位车主朋友：\n\n为确保停车场内行车安全，请注意以下事项：\n1. 场内限速5km/h\n2. 请按指示标线行驶，禁止逆行\n3. 转弯处请减速慢行，注意行人\n4. 请勿在车位内长时间鸣笛\n5. 发现异常情况请及时联系管理处\n\n安全出行，人人有责。\n\n智能停车场管理处',
    'NOTICE', 1, 1, '2025-11-10 08:00:00', '2025-11-08 14:00:00', '2025-11-10 08:00:00'),

(6, '元旦假期运营安排',
    '各位车主：\n\n2026年元旦假期（1月1日-1月3日）停车场正常运营，营业时间为全天24小时。\n假期期间车流量较大，建议错峰出行。\n\n祝大家元旦快乐！\n\n智能停车场管理处',
    'NOTICE', 1, 1, '2025-12-28 09:00:00', '2025-12-26 10:00:00', '2025-12-28 09:00:00'),

(7, '停车场新增电动车充电桩',
    '尊敬的新能源车主：\n\nE区新增10个120kW直流快充桩，充电30分钟即可补能80%。同时原有慢充桩已全部升级至7kW交流桩。\n\n欢迎使用！\n\n智能停车场管理处',
    'NOTICE', 0, 1, '2026-02-08 08:00:00', '2026-02-06 15:00:00', '2026-02-08 08:00:00'),

(8, '三月停车优惠月活动',
    '尊敬的车主朋友们：\n\n为感谢各位长期以来的支持，本停车场于3月1日至3月31日推出「停车优惠月」活动：\n1. 工作日全场9折优惠\n2. 周末充电桩免服务费\n3. 连续停车超过4小时赠送1小时免费时长\n4. 新用户首次停车立减5元\n\n活动期间，欢迎广大车主体验我们的智能停车服务！\n\n智能停车场管理处',
    'PROMOTION', 1, 1, '2026-03-01 08:00:00', '2026-02-27 14:00:00', '2026-03-01 08:00:00'),

(9, 'A区路面修缮通知',
    '各位车主：\n\nA区（地上停车场）将于2026年3月22日至3月24日进行路面修缮和标线重绘工作，届时A区将暂停使用。\n请将车辆停放至B区、C区或其他可用区域。\n\n修缮完成后，A区将焕然一新，为您提供更好的停车体验。\n\n给您带来不便，敬请谅解。\n\n智能停车场管理处',
    'MAINTENANCE', 1, 1, '2026-03-15 09:00:00', '2026-03-13 16:00:00', '2026-03-15 09:00:00');

-- ============================================================
-- 11. review（用户评价）
-- ============================================================
INSERT IGNORE INTO review (id, user_id, order_id, rating, content, reply, reply_at, created_at, updated_at) VALUES
(1,  4,  1,  5, '停车场环境很好，车位宽敞，进出方便，支付也很快捷，非常满意！', '感谢您的好评，我们会继续努力提升服务质量！', '2025-11-11 09:00:00', '2025-11-10 12:00:00', '2025-11-11 09:00:00'),
(2,  5,  2,  4, '地下一层光线不错，就是通风可以再好一些，整体还是满意的。', '感谢您的建议，我们已安排检修通风系统。', '2025-11-13 10:00:00', '2025-11-12 17:30:00', '2025-11-13 10:00:00'),
(3,  6,  3,  5, 'VIP车位真的很值，专用通道不用排队，停车体验一流！', NULL, NULL, '2025-11-15 13:00:00', '2025-11-15 13:00:00'),
(4,  8,  4,  3, '免费时间太短了，才15分钟，有时候办个事都来不及。希望能延长到30分钟。', '感谢反馈，我们会将您的建议提交管理层讨论。', '2025-11-21 14:00:00', '2025-11-20 10:00:00', '2025-11-21 14:00:00'),
(5,  10, 7,  4, '停车位很好找，有实时导航指引，科技感满满。就是高峰期出场有点慢。', '感谢您的评价，高峰期我们会增派人手疏导。', '2025-11-29 09:30:00', '2025-11-28 18:00:00', '2025-11-29 09:30:00'),
(6,  9,  8,  2, '停了两个半小时收了12.5，觉得有点贵。而且缴费的时候等了好久。', '非常抱歉给您带来不好的体验，我们会优化缴费流程。', '2025-12-02 10:00:00', '2025-12-01 11:30:00', '2025-12-02 10:00:00'),
(7,  12, 10, 5, '充电桩区域很方便，一边充电一边停车，充电速度也很快！', NULL, NULL, '2025-12-12 15:00:00', '2025-12-12 15:00:00'),
(8,  13, 11, 4, '整体不错，就是地下二层信号不太好，希望能加强一下。', '收到，我们正在规划安装信号增强器。', '2025-12-16 11:00:00', '2025-12-15 10:30:00', '2025-12-16 11:00:00'),
(9,  7,  16, 5, '充电桩区体验极佳，新增的快充桩速度很快，半小时就充满了。强烈推荐！', NULL, NULL, '2025-12-20 17:00:00', '2025-12-20 17:00:00'),
(10, 4,  20, 4, '春节优惠活动很给力，VIP车位打七折非常划算。希望以后多搞活动！', '感谢支持，后续我们会推出更多优惠活动。', '2026-01-06 10:00:00', '2026-01-05 14:00:00', '2026-01-06 10:00:00'),
(11, 6,  21, 1, '这次停车体验很差，VIP车位居然被别人占了，管理员也没及时处理。', '非常抱歉，我们已加强VIP区域的巡查管理，确保不再出现此类问题。', '2026-01-09 09:00:00', '2026-01-08 13:00:00', '2026-01-09 09:00:00'),
(12, 15, 18, 5, '充电桩的充电速度很快，停车环境也很干净整洁，下次还来！', NULL, NULL, '2025-12-23 12:00:00', '2025-12-23 12:00:00'),
-- 2026年3月评价
(13, 4,  35, 5, '三月优惠活动太给力了！工作日九折，加上连续停车赠送免费时长，非常划算。停车场环境也越来越好了。', '感谢您的好评！活动期间欢迎多多使用我们的服务。', '2026-03-02 09:00:00', '2026-03-01 13:00:00', '2026-03-02 09:00:00'),
(14, 7,  38, 4, '充电桩区域非常方便，一边充电一边办事。就是高峰期快充桩有时候要排队等，希望能再多加几个。', '感谢您的建议，我们正在规划扩建快充桩。', '2026-03-06 10:00:00', '2026-03-05 16:00:00', '2026-03-06 10:00:00'),
(15, 5,  36, 5, '地下一层的通风系统升级后明显好多了，空气流通很好，灯光明亮。预约系统也很好用，到了就有位停。', NULL, NULL, '2026-03-02 12:00:00', '2026-03-02 12:00:00'),
(16, 13, 46, 3, '停车场整体不错，但是出场时扫码支付等了一会儿才成功，可能是网络信号不太好。建议优化一下支付流程。', '收到您的反馈，我们正在优化支付系统的稳定性。', '2026-03-19 11:00:00', '2026-03-18 11:00:00', '2026-03-19 11:00:00');

-- ============================================================
-- 12. message（站内消息）
-- ============================================================
INSERT IGNORE INTO message (id, user_id, title, content, message_type, is_read, created_at, updated_at) VALUES
(1,  4,  '停车订单完成通知',     '您的停车订单 ORD202511001 已完成，费用10.00元已通过微信支付扣款。',         'ORDER',       1, '2025-11-10 11:10:00', '2025-11-10 11:15:00'),
(2,  5,  '停车订单完成通知',     '您的停车订单 ORD202511002 已完成，费用12.50元已通过支付宝扣款。',           'ORDER',       1, '2025-11-12 16:45:00', '2025-11-12 17:00:00'),
(3,  6,  'VIP停车订单完成通知',  '您的VIP停车订单 ORD202511003 已完成，费用60.00元已通过银行卡扣款。',        'ORDER',       1, '2025-11-15 12:15:00', '2025-11-15 12:30:00'),
(4,  7,  '预约取消通知',         '您的车位预约 RSV202511004 已取消，预约费用将在1-3个工作日内退回原账户。',    'RESERVATION', 1, '2025-11-18 09:50:00', '2025-11-18 10:00:00'),
(5,  4,  '支付成功通知',         '您已成功支付停车费用32.00元（订单号：ORD202511005），感谢使用智能停车系统。', 'PAYMENT',     1, '2025-11-22 14:35:00', '2025-11-22 14:40:00'),
(6,  9,  '停车订单完成通知',     '您的停车订单 ORD202512001 已完成，费用12.50元已通过现金支付。',              'ORDER',       1, '2025-12-01 10:40:00', '2025-12-01 11:00:00'),
(7,  10, 'VIP停车订单完成通知',  '您的VIP停车订单 ORD202512002 已完成，费用60.00元已通过银行卡扣款。',         'ORDER',       1, '2025-12-05 13:15:00', '2025-12-05 13:20:00'),
(8,  4,  '系统公告',             '春节期间停车优惠活动已开启，普通车位8折、VIP车位7折，欢迎体验！',           'SYSTEM',      0, '2026-01-20 09:00:00', '2026-01-20 09:00:00'),
(9,  5,  '系统公告',             '春节期间停车优惠活动已开启，普通车位8折、VIP车位7折，欢迎体验！',           'SYSTEM',      0, '2026-01-20 09:00:00', '2026-01-20 09:00:00'),
(10, 6,  '系统公告',             '春节期间停车优惠活动已开启，普通车位8折、VIP车位7折，欢迎体验！',           'SYSTEM',      1, '2026-01-20 09:00:00', '2026-01-21 08:00:00'),
(11, 7,  '系统升级通知',         '系统将于2月20日凌晨2:00-5:00进行升级维护，届时APP将暂时无法使用。',         'SYSTEM',      0, '2026-02-05 09:00:00', '2026-02-05 09:00:00'),
(12, 8,  '系统升级通知',         '系统将于2月20日凌晨2:00-5:00进行升级维护，届时APP将暂时无法使用。',         'SYSTEM',      0, '2026-02-05 09:00:00', '2026-02-05 09:00:00'),
(13, 4,  '预约确认通知',         '您的车位预约 RSV202601001 已确认，请于2026-01-05 09:00前到达停车场。',       'RESERVATION', 1, '2026-01-05 08:30:00', '2026-01-05 08:35:00'),
(14, 7,  '订单未支付提醒',       '您的停车订单 ORD202602002 尚未支付（金额32.00元），请尽快完成支付。',       'PAYMENT',     0, '2026-02-03 13:10:00', '2026-02-03 13:10:00'),
(15, 9,  '订单未支付提醒',       '您的停车订单 ORD202602003 尚未支付（金额10.00元），请尽快完成支付。',       'PAYMENT',     0, '2026-02-05 09:40:00', '2026-02-05 09:40:00'),
(16, 5,  '车辆入场通知',         '您的车辆 豫B67890 已于2026-02-06 08:00进入停车场B区B-002车位。',             'ORDER',       1, '2026-02-06 08:00:00', '2026-02-06 08:05:00'),
(17, 13, '预约待确认通知',       '您的车位预约 RSV202602003 已提交，请等待系统确认。',                        'RESERVATION', 0, '2026-02-08 09:30:00', '2026-02-08 09:30:00'),
-- 2026年3月消息
(18, 4,  '系统公告',             '三月停车优惠月活动已开启：工作日全场9折，周末充电免服务费！',               'SYSTEM',      1, '2026-03-01 08:00:00', '2026-03-01 08:10:00'),
(19, 5,  '系统公告',             '三月停车优惠月活动已开启：工作日全场9折，周末充电免服务费！',               'SYSTEM',      1, '2026-03-01 08:00:00', '2026-03-01 09:00:00'),
(20, 6,  '系统公告',             '三月停车优惠月活动已开启：工作日全场9折，周末充电免服务费！',               'SYSTEM',      0, '2026-03-01 08:00:00', '2026-03-01 08:00:00'),
(21, 7,  '系统公告',             '三月停车优惠月活动已开启：工作日全场9折，周末充电免服务费！',               'SYSTEM',      0, '2026-03-01 08:00:00', '2026-03-01 08:00:00'),
(22, 4,  '停车订单完成通知',     '您的停车订单 ORD202603001 已完成，费用21.67元已通过微信支付扣款。',         'ORDER',       1, '2026-03-01 12:20:00', '2026-03-01 12:25:00'),
(23, 5,  '停车订单完成通知',     '您的停车订单 ORD202603002 已完成，费用11.67元已通过支付宝扣款。',           'ORDER',       1, '2026-03-02 11:00:00', '2026-03-02 11:10:00'),
(24, 7,  '充电桩订单完成通知',   '您的充电桩订单 ORD202603004 已完成，费用60.00元已通过微信支付扣款。',       'ORDER',       1, '2026-03-05 15:30:00', '2026-03-05 15:35:00'),
(25, 4,  '支付成功通知',         '您已成功支付停车费用60.00元（订单号：ORD202603008），感谢使用智能停车系统。', 'PAYMENT',     1, '2026-03-12 16:00:00', '2026-03-12 16:05:00'),
(26, 15, '停车订单完成通知',     '您的停车订单 ORD202603010 已完成，费用60.00元已通过支付宝扣款。',           'ORDER',       0, '2026-03-15 17:00:00', '2026-03-15 17:00:00'),
(27, 4,  'A区修缮通知',          'A区（地上停车场）将于3月22日至3月24日进行路面修缮，届时暂停使用。',        'SYSTEM',      0, '2026-03-15 09:00:00', '2026-03-15 09:00:00'),
(28, 11, '预约确认通知',         '您的车位预约 RSV202603013 已确认，请于2026-03-19 08:00前到达停车场。',       'RESERVATION', 1, '2026-03-19 07:30:00', '2026-03-19 07:35:00');

-- ============================================================
-- 13. entry_exit_log（出入场记录）
-- ============================================================
INSERT IGNORE INTO entry_exit_log (id, plate_number, log_type, gate_name, captured_image, created_at) VALUES
-- 2025年11月
(1, '豫A12345', 'ENTRY', '东门入口', 'https://picsum.photos/seed/entry_01/640/480', '2025-11-10 09:05:00'),
(2, '豫A12345', 'EXIT',  '东门出口', 'https://picsum.photos/seed/exit_01/640/480',  '2025-11-10 11:05:00'),
(3, '豫B67890', 'ENTRY', '西门入口', 'https://picsum.photos/seed/entry_02/640/480', '2025-11-12 14:10:00'),
(4, '豫B67890', 'EXIT',  '西门出口', 'https://picsum.photos/seed/exit_02/640/480',  '2025-11-12 16:40:00'),
(5, '京C11111', 'ENTRY', '东门入口', 'https://picsum.photos/seed/entry_03/640/480', '2025-11-15 08:10:00'),
(6, '京C11111', 'EXIT',  '东门出口', 'https://picsum.photos/seed/exit_03/640/480',  '2025-11-15 12:10:00'),
(7, '豫E33333', 'ENTRY', '北门入口', 'https://picsum.photos/seed/entry_04/640/480', '2025-11-20 07:10:00'),
(8, '豫E33333', 'EXIT',  '北门出口', 'https://picsum.photos/seed/exit_04/640/480',  '2025-11-20 08:40:00'),
(9, '豫A88888', 'ENTRY', '东门入口', 'https://picsum.photos/seed/entry_05/640/480', '2025-11-22 10:00:00'),
(10, '豫A88888', 'EXIT',  '东门出口', 'https://picsum.photos/seed/exit_05/640/480',  '2025-11-22 14:30:00'),
(11, '豫D66666', 'ENTRY', '西门入口', 'https://picsum.photos/seed/entry_06/640/480', '2025-11-25 08:30:00'),
(12, '豫D66666', 'EXIT',  '西门出口', 'https://picsum.photos/seed/exit_06/640/480',  '2025-11-25 09:00:00'),
(13, '粤G54321', 'ENTRY', '东门入口', 'https://picsum.photos/seed/entry_07/640/480', '2025-11-28 13:00:00'),
(14, '粤G54321', 'EXIT',  '东门出口', 'https://picsum.photos/seed/exit_07/640/480',  '2025-11-28 17:00:00'),

-- 2025年12月
(15, '沪F77777', 'ENTRY', '北门入口', 'https://picsum.photos/seed/entry_08/640/480', '2025-12-01 08:05:00'),
(16, '沪F77777', 'EXIT',  '北门出口', 'https://picsum.photos/seed/exit_08/640/480',  '2025-12-01 10:35:00'),
(17, '粤G12345', 'ENTRY', '东门入口', 'https://picsum.photos/seed/entry_09/640/480', '2025-12-05 09:10:00'),
(18, '粤G12345', 'EXIT',  '东门出口', 'https://picsum.photos/seed/exit_09/640/480',  '2025-12-05 13:10:00'),
(19, '豫J22222', 'ENTRY', '西门入口', 'https://picsum.photos/seed/entry_10/640/480', '2025-12-12 10:05:00'),
(20, '豫J22222', 'EXIT',  '西门出口', 'https://picsum.photos/seed/exit_10/640/480',  '2025-12-12 14:05:00'),
(21, '豫K88888', 'ENTRY', '东门入口', 'https://picsum.photos/seed/entry_11/640/480', '2025-12-15 08:10:00'),
(22, '豫K88888', 'EXIT',  '东门出口', 'https://picsum.photos/seed/exit_11/640/480',  '2025-12-15 09:40:00'),
(23, '豫B11111', 'ENTRY', '北门入口', 'https://picsum.photos/seed/entry_12/640/480', '2025-12-16 09:00:00'),
(24, '豫B11111', 'EXIT',  '北门出口', 'https://picsum.photos/seed/exit_12/640/480',  '2025-12-16 13:00:00'),
(25, '京C22222', 'ENTRY', '西门入口', 'https://picsum.photos/seed/entry_13/640/480', '2025-12-16 15:00:00'),
(26, '京C22222', 'EXIT',  '西门出口', 'https://picsum.photos/seed/exit_13/640/480',  '2025-12-16 17:30:00'),
(27, '豫E44444', 'ENTRY', '东门入口', 'https://picsum.photos/seed/entry_14/640/480', '2025-12-18 07:30:00'),
(28, '豫E44444', 'EXIT',  '东门出口', 'https://picsum.photos/seed/exit_14/640/480',  '2025-12-18 15:30:00'),
(29, '豫D55555', 'ENTRY', '西门入口', 'https://picsum.photos/seed/entry_15/640/480', '2025-12-20 08:00:00'),
(30, '豫D55555', 'EXIT',  '西门出口', 'https://picsum.photos/seed/exit_15/640/480',  '2025-12-20 16:00:00'),

-- 2026年1月
(31, '豫A88888', 'ENTRY', '东门入口', 'https://picsum.photos/seed/entry_16/640/480', '2026-01-05 09:05:00'),
(32, '豫A88888', 'EXIT',  '东门出口', 'https://picsum.photos/seed/exit_16/640/480',  '2026-01-05 13:05:00'),
(33, '京C11111', 'ENTRY', '北门入口', 'https://picsum.photos/seed/entry_17/640/480', '2026-01-08 10:00:00'),
(34, '京C11111', 'EXIT',  '北门出口', 'https://picsum.photos/seed/exit_17/640/480',  '2026-01-08 12:00:00'),

-- 2026年2月
(35, '豫A12345', 'ENTRY', '东门入口', 'https://picsum.photos/seed/entry_18/640/480', '2026-02-01 08:00:00'),
(36, '豫A12345', 'EXIT',  '西门出口', 'https://picsum.photos/seed/exit_18/640/480',  '2026-02-01 10:30:00'),
(37, '豫D55555', 'ENTRY', '西门入口', 'https://picsum.photos/seed/entry_19/640/480', '2026-02-03 09:00:00'),
(38, '豫D55555', 'EXIT',  '东门出口', 'https://picsum.photos/seed/exit_19/640/480',  '2026-02-03 13:00:00'),
(39, '豫B67890', 'ENTRY', '东门入口', 'https://picsum.photos/seed/entry_20/640/480', '2026-02-06 08:00:00'),
(40, '豫E44444', 'ENTRY', '北门入口', 'https://picsum.photos/seed/entry_21/640/480', '2026-02-07 07:00:00'),
(41, '京C22222', 'ENTRY', '西门入口', 'https://picsum.photos/seed/entry_22/640/480', '2026-02-07 09:30:00'),
(42, '豫L55555', 'ENTRY', '东门入口', 'https://picsum.photos/seed/entry_23/640/480', '2026-02-08 06:30:00'),

-- 2026年3月
(43, '豫A12345', 'ENTRY', '东门入口', 'https://picsum.photos/seed/entry_24/640/480', '2026-03-01 07:50:00'),
(44, '豫A12345', 'EXIT',  '东门出口', 'https://picsum.photos/seed/exit_24/640/480',  '2026-03-01 12:20:00'),
(45, '豫B67890', 'ENTRY', '西门入口', 'https://picsum.photos/seed/entry_25/640/480', '2026-03-02 08:30:00'),
(46, '豫B67890', 'EXIT',  '西门出口', 'https://picsum.photos/seed/exit_25/640/480',  '2026-03-02 11:00:00'),
(47, '京C11111', 'ENTRY', '东门入口', 'https://picsum.photos/seed/entry_26/640/480', '2026-03-03 09:00:00'),
(48, '京C11111', 'EXIT',  '东门出口', 'https://picsum.photos/seed/exit_26/640/480',  '2026-03-03 14:30:00'),
(49, '豫D55555', 'ENTRY', '西门入口', 'https://picsum.photos/seed/entry_27/640/480', '2026-03-05 07:30:00'),
(50, '豫D55555', 'EXIT',  '东门出口', 'https://picsum.photos/seed/exit_27/640/480',  '2026-03-05 15:30:00'),
(51, '沪F77777', 'ENTRY', '北门入口', 'https://picsum.photos/seed/entry_28/640/480', '2026-03-06 08:00:00'),
(52, '沪F77777', 'EXIT',  '北门出口', 'https://picsum.photos/seed/exit_28/640/480',  '2026-03-06 10:30:00'),
(53, '粤G12345', 'ENTRY', '东门入口', 'https://picsum.photos/seed/entry_29/640/480', '2026-03-08 09:15:00'),
(54, '粤G12345', 'EXIT',  '东门出口', 'https://picsum.photos/seed/exit_29/640/480',  '2026-03-08 13:15:00'),
(55, '豫J22222', 'ENTRY', '西门入口', 'https://picsum.photos/seed/entry_30/640/480', '2026-03-10 08:00:00'),
(56, '豫J22222', 'EXIT',  '西门出口', 'https://picsum.photos/seed/exit_30/640/480',  '2026-03-10 12:00:00'),
(57, '豫A88888', 'ENTRY', '东门入口', 'https://picsum.photos/seed/entry_31/640/480', '2026-03-12 07:45:00'),
(58, '豫A88888', 'EXIT',  '东门出口', 'https://picsum.photos/seed/exit_31/640/480',  '2026-03-12 16:00:00'),
(59, '豫E44444', 'ENTRY', '北门入口', 'https://picsum.photos/seed/entry_32/640/480', '2026-03-14 08:10:00'),
(60, '豫E44444', 'EXIT',  '北门出口', 'https://picsum.photos/seed/exit_32/640/480',  '2026-03-14 11:40:00'),
(61, '豫L11111', 'ENTRY', '东门入口', 'https://picsum.photos/seed/entry_33/640/480', '2026-03-15 09:00:00'),
(62, '豫L11111', 'EXIT',  '东门出口', 'https://picsum.photos/seed/exit_33/640/480',  '2026-03-15 17:00:00'),
(63, '京C22222', 'ENTRY', '西门入口', 'https://picsum.photos/seed/entry_34/640/480', '2026-03-16 10:00:00'),
(64, '京C22222', 'EXIT',  '西门出口', 'https://picsum.photos/seed/exit_34/640/480',  '2026-03-16 13:30:00'),
(65, '豫K88888', 'ENTRY', '东门入口', 'https://picsum.photos/seed/entry_35/640/480', '2026-03-18 07:30:00'),
(66, '豫K88888', 'EXIT',  '东门出口', 'https://picsum.photos/seed/exit_35/640/480',  '2026-03-18 10:00:00'),
(67, '豫H56789', 'ENTRY', '西门入口', 'https://picsum.photos/seed/entry_36/640/480', '2026-03-19 08:20:00'),
(68, '豫H56789', 'EXIT',  '西门出口', 'https://picsum.photos/seed/exit_36/640/480',  '2026-03-19 12:50:00'),
(69, '豫L55555', 'ENTRY', '东门入口', 'https://picsum.photos/seed/entry_37/640/480', '2026-03-19 14:00:00'),
(70, '豫E33333', 'ENTRY', '北门入口', 'https://picsum.photos/seed/entry_38/640/480', '2026-03-20 07:00:00');

-- ============================================================
-- 14. system_setting（系统设置）
-- ============================================================
INSERT IGNORE INTO system_setting (id, setting_key, setting_value, description, created_at, updated_at) VALUES
(1,  'parking.max_reservation_hours', '4',                        '单次预约最大时长（小时）',       '2025-01-01 00:00:00', '2025-01-01 00:00:00'),
(2,  'parking.max_vehicles_per_user',  '5',                        '每位用户最多绑定车辆数',         '2025-01-01 00:00:00', '2025-01-01 00:00:00'),
(3,  'parking.default_free_minutes',   '15',                       '默认免费停车时长（分钟）',       '2025-01-01 00:00:00', '2025-01-01 00:00:00'),
(4,  'system.name',                    '智能停车场管理系统',        '系统名称',                       '2025-01-01 00:00:00', '2025-01-01 00:00:00'),
(5,  'system.version',                 '1.0.0',                    '系统版本号',                     '2025-01-01 00:00:00', '2025-01-01 00:00:00'),
(6,  'system.contact_phone',           '0371-12345678',            '联系电话',                       '2025-01-01 00:00:00', '2025-01-01 00:00:00'),
(7,  'system.contact_email',           'admin@smartparking.com',   '联系邮箱',                       '2025-01-01 00:00:00', '2025-01-01 00:00:00'),
(8,  'system.address',                 '郑州市金水区科技路88号',    '停车场地址',                     '2025-01-01 00:00:00', '2025-01-01 00:00:00'),
(9,  'payment.enable_wechat',          'true',                     '是否启用微信支付',               '2025-01-01 00:00:00', '2025-01-01 00:00:00'),
(10, 'payment.enable_alipay',          'true',                     '是否启用支付宝支付',             '2025-01-01 00:00:00', '2025-01-01 00:00:00'),
(11, 'payment.enable_cash',            'true',                     '是否启用现金支付',               '2025-01-01 00:00:00', '2025-01-01 00:00:00'),
(12, 'payment.enable_card',            'true',                     '是否启用银行卡支付',             '2025-01-01 00:00:00', '2025-01-01 00:00:00'),
(13, 'parking.speed_limit',            '5',                        '场内限速（km/h）',               '2025-01-01 00:00:00', '2025-01-01 00:00:00'),
(14, 'parking.operating_hours',        '00:00-24:00',              '运营时间',                       '2025-01-01 00:00:00', '2025-01-01 00:00:00');

-- ============================================================
-- 15. audit_log（审计日志）
-- ============================================================
INSERT IGNORE INTO audit_log (id, user_id, username, module, action, detail, ip, created_at) VALUES
(1,  1,  'admin',     'AUTH',    'LOGIN', '管理员登录系统',                                  '192.168.1.100', '2025-11-01 08:00:00'),
(2,  2,  'operator1', 'AUTH',    'LOGIN', '操作员登录系统',                                  '192.168.1.101', '2025-11-01 08:30:00'),
(3,  4,  'user1',     'AUTH',    'LOGIN', '用户登录系统',                                    '10.0.0.50',     '2025-11-10 08:25:00'),
(4,  4,  'user1',     'VEHICLE', 'CREATE', '绑定车辆 豫A12345',                               '10.0.0.50',     '2025-11-10 08:28:00'),
(5,  4,  'user1',     'PARKING', 'CREATE', '创建车位预约 RSV202511001',                       '10.0.0.50',     '2025-11-10 08:30:00'),
(6,  1,  'admin',     'USER',    'CREATE', '创建操作员账号 operator2',                        '192.168.1.100', '2025-11-05 10:00:00'),
(7,  1,  'admin',     'PARKING', 'UPDATE', '更新A区停车场信息',                               '192.168.1.100', '2025-11-08 14:20:00'),
(8,  2,  'operator1', 'ORDER',   'UPDATE', '确认订单 ORD202511001 完成',                      '192.168.1.101', '2025-11-10 11:10:00'),
(9,  1,  'admin',     'SYSTEM',  'UPDATE', '修改系统设置：parking.max_reservation_hours=4',    '192.168.1.100', '2025-11-15 09:00:00'),
(10, 5,  'user2',     'AUTH',    'LOGIN', '用户登录系统',                                    '10.0.0.51',     '2025-11-12 13:35:00'),
(11, 5,  'user2',     'VEHICLE', 'CREATE', '绑定车辆 豫B67890',                               '10.0.0.51',     '2025-11-12 13:38:00'),
(12, 1,  'admin',     'USER',    'UPDATE', '禁用用户账号 user11（黄丽娟）',                    '192.168.1.100', '2025-12-02 10:00:00'),
(13, 2,  'operator1', 'PARKING', 'CREATE', '将车牌 豫M99999 加入黑名单：多次逃费',             '192.168.1.101', '2025-11-01 10:00:00'),
(14, 1,  'admin',     'PARKING', 'DELETE', '将车牌 京P77777 移出黑名单',                      '192.168.1.100', '2025-12-20 16:00:00'),
(15, 6,  'user3',     'AUTH',    'LOGIN', '用户登录系统',                                    '10.0.0.52',     '2025-11-15 07:25:00'),
(16, 1,  'admin',     'SYSTEM',  'CREATE', '发布公告：春节期间停车优惠活动',                   '192.168.1.100', '2026-01-20 09:00:00'),
(17, 1,  'admin',     'SYSTEM',  'CREATE', '发布公告：地下车库维修通知',                       '192.168.1.100', '2026-02-01 10:00:00'),
(18, 7,  'user4',     'AUTH',    'LOGIN', '用户登录系统',                                    '10.0.0.53',     '2025-12-20 07:50:00'),
(19, 1,  'admin',     'AUTH',    'LOGIN', '管理员登录系统',                                  '192.168.1.100', '2026-01-02 08:00:00'),
(20, 2,  'operator1', 'ORDER',   'UPDATE', '标记订单 ORD202602008 为异常状态',                 '192.168.1.101', '2026-02-04 12:00:00'),
(21, 1,  'admin',     'AUTH',    'LOGIN', '管理员登录系统',                                  '192.168.1.100', '2026-02-08 07:30:00'),
(22, 1,  'admin',     'SYSTEM',  'UPDATE', '发布公告：系统升级公告',                           '192.168.1.100', '2026-02-05 09:00:00'),
(23, 9,  'user6',     'AUTH',    'LOGIN', '用户登录系统',                                    '10.0.0.55',     '2026-02-01 07:25:00'),
(24, 13, 'user10',    'AUTH',    'LOGIN', '用户登录系统',                                    '10.0.0.60',     '2026-02-08 09:25:00'),
(25, 15, 'user12',    'AUTH',    'LOGIN', '用户登录系统',                                    '10.0.0.62',     '2026-02-08 06:25:00'),
-- 2026年3月审计日志
(26, 1,  'admin',     'AUTH',    'LOGIN', '管理员登录系统',                                  '192.168.1.100', '2026-03-01 07:50:00'),
(27, 1,  'admin',     'SYSTEM',  'CREATE', '发布公告：三月停车优惠月活动',                     '192.168.1.100', '2026-03-01 08:00:00'),
(28, 4,  'user1',     'AUTH',    'LOGIN', '用户登录系统',                                    '10.0.0.50',     '2026-03-01 07:25:00'),
(29, 4,  'user1',     'PARKING', 'CREATE', '创建车位预约 RSV202603001',                       '10.0.0.50',     '2026-03-01 07:30:00'),
(30, 5,  'user2',     'AUTH',    'LOGIN', '用户登录系统',                                    '10.0.0.51',     '2026-03-02 07:35:00'),
(31, 7,  'user4',     'AUTH',    'LOGIN', '用户登录系统',                                    '10.0.0.53',     '2026-03-05 07:15:00'),
(32, 2,  'operator1', 'ORDER',   'UPDATE', '确认订单 ORD202603001 完成',                      '192.168.1.101', '2026-03-01 12:20:00'),
(33, 2,  'operator1', 'ORDER',   'UPDATE', '确认订单 ORD202603004 完成',                      '192.168.1.101', '2026-03-05 15:30:00'),
(34, 12, 'user9',     'AUTH',    'LOGIN', '用户登录系统',                                    '10.0.0.58',     '2026-03-10 07:25:00'),
(35, 1,  'admin',     'SYSTEM',  'CREATE', '发布公告：A区路面修缮通知',                       '192.168.1.100', '2026-03-15 09:00:00'),
(36, 15, 'user12',    'AUTH',    'LOGIN', '用户登录系统',                                    '10.0.0.62',     '2026-03-15 08:25:00'),
(37, 13, 'user10',    'AUTH',    'LOGIN', '用户登录系统',                                    '10.0.0.60',     '2026-03-18 06:55:00'),
(38, 11, 'user8',     'AUTH',    'LOGIN', '用户登录系统',                                    '10.0.0.57',     '2026-03-19 07:25:00'),
(39, 1,  'admin',     'AUTH',    'LOGIN', '管理员登录系统',                                  '192.168.1.100', '2026-03-20 07:00:00');
